ID,category
SKU-10125,office & school
SKU-15030,office & school
SKU-16054,office & school
SKU-17038,office & school
SKU-20719,home acce
SKU-20932,home accessories
SKU-20996,office & school
SKU-21098,home accessories
SKU-21115,office & school
SKU-21135,office & school
SKU-21232,decoration
SKU-21259,decoration
SKU-21263,decoration
SKU-21272,home accessories
SKU-21331,decoration
SKU-21340,home acce
SKU-21364,decoration
SKU-21380,decoration
SKU-21476,decoration
SKU-21486,decoration
SKU-21488,home accessories
SKU-21577,home accessories
SKU-21628,decoration
SKU-21644,toys & edibles
SKU-21664,home accessories
SKU-21672,home accessories
SKU-21781,home accessories
SKU-22081,home accessories
SKU-22089,decoration
SKU-22141,decoration
SKU-22231,decoration
SKU-22260,toys & edibles
SKU-22502,home accessories
SKU-22619,toys & edibles
SKU-22633,home accessories
SKU-22637,decoration
SKU-22641,decoration
SKU-22663,home accessories
SKU-22677,office & school
SKU-22693,home acce
SKU-22794,decoration
SKU-22795,decoration
SKU-22858,home accessories
SKU-22896,home accessories
SKU-22932,toys & edibles
SKU-23009,toys & edibles
SKU-23077,toys & edibles
SKU-23126,toys & edibles
SKU-23175,home accessories
SKU-23194,toys & edibles
SKU-23236,toys & edibles
SKU-23240,decoration
SKU-23242,toys & edibles
SKU-23323,decoration
SKU-23345,toys & edibles
SKU-23376,decoration
SKU-23424,home accessories
SKU-23435,decoration
SKU-23613,office & school
SKU-23697,office & school
SKU-37340,home accessories
SKU-82486,decoration
SKU-82615,home acce
SKU-84881,home acce
SKU-85197,toys & edibles
SKU-90057,jewelry
SKU-90084,decoration
SKU-90114,decoration
SKU-17014A,home accessories
SKU-17084N,home acce
SKU-23236C,home acce
SKU-35810B,home accessories
SKU-46000M,office & school
SKU-46000R,office & school
SKU-46138B,home accessories
SKU-46776B,home accessories
SKU-47566B,office & school
SKU-84086B,home accessories
SKU-84206C,office & school
SKU-84536B,office & school
SKU-84559A,toys & edibles
SKU-84661B,home accessories
SKU-84673B,home accessories
SKU-84750A,decoration
SKU-84751B,decoration
SKU-84849B,home accessories
SKU-84926F,home acce
SKU-84997a,home accessories
SKU-85034B,decoration
SKU-85131B,jewelry
SKU-85135A,toys
SKU-85135C,toys & edibles
SKU-90001D,jewelry
SKU-90010B,jewelry
SKU-90018A,jewelry
SKU-90036A,jewelry
SKU-90059D,jewelry
SKU-90060D,jewelry
SKU-90160B,jewelry
SKU-90175B,jewelry
SKU-90176C,jewelry
SKU-90177A,jewelry
SKU-90187B,jewelry
SKU-90214M,toys & edibles
