SKU-ID,Description,category,Retail_Price,COGS,2021_units_sold,Revenue_2021,Pct_revenue_2021,Inventory_turnover,ABC_category,Rank
82486,3 Drawer Antique White Wood Cabinet,decoration,13.32,8.95,742.0,9883.44,2.22,1.36,A,17
23435,3 Raffia Ribbons Vintage Christmas,decoration,1.88,0.8300000000000001,827.0,1554.76,0.35,1.33,C,45
85034B,3 White Choc Morris Boxed Candles,decoration,2.47,1.26,888.0,2193.36,0.49,1.27,C,41
84559A,3D Sheet Of Dog Stickers,toys & edibles,1.9,0.8500000000000001,357.0,678.3,0.15,0.81,C,60
23697,A Pretty Thank You Card,office & school,1.3,0.42000000000000004,456.0,592.8000000000001,0.13,1.51,C,63
90001D,Antique Olive Green Flower Earrings,jewelry,6.68,4.25,6.0,40.08,0.01,0.03,C,96
21644,Assorted Tutti Frutti Heart Box,toys & edibles,2.47,1.25,175.0,432.25000000000006,0.1,0.46,C,69
22932,Assorted Toffee Chocolate,toys & edibles,4.3,2.55,785.0,3375.5,0.76,1.23,B,33
85131B,Beaded Crystal Heart Green On Stick,jewelry,1.88,0.83,585.0,1099.8,0.25,1.21,C,50
84751B,Black Medium Glass Cake Stand,decoration,5.99,3.75,17.0,101.83,0.02,0.17,C,89
84661B,Black Square Table Clock,home accessories,7.7,4.96,114.0,877.8000000000001,0.2,0.37,C,56
90010B,Black/White Glass/Silver Bracelet,jewelry,14.48,9.77,7.0,101.36,0.02,0.02,C,90
46138B,Blue Chenille Shaggy Cushion Cover,home accessories,1.9,0.85,43.0,81.7,0.02,0.13,C,92
84673B,Blue Fly Swat,home accessories,1.82,0.7899999999999999,170.0,309.40000000000003,0.07,0.47,C,73
84881,Blue Wire Spiral Candle Holder,home accessories,9.66,6.35,7.0,67.62,0.02,0.06,C,88
84206C,Champagne Tray Blank Card,office & school,0.97,0.2,8.0,7.76,0.0,0.03,C,101
84997a,Childrens Cutlery Polkadot Green,home accessories,12.39,8.29,101.0,1251.39,0.28,0.05,C,48
22141,Christmas Craft Tree Top Angel,decoration,3.31,1.86,2540.0,8407.4,1.89,1.49,B,19
21098,Christmas Toilet Roll,home accessories,2.47,1.2499999999999998,3056.0,7548.320000000001,1.69,1.32,B,20
90177A,Classic Diamante Earrings Set,jewelry,4.79,2.9099999999999997,14.0,67.06,0.02,0.24,C,93
21340,Classic Metal Birdcage Plant Holder,home accessories,18.68,12.75,937.0,17503.16,3.92,1.37,A,8
90059D,Diamante Hair Grip Pack/2 Peridot,jewelry,3.09,1.6900000000000002,23.0,71.07,0.02,0.15,C,87
90176C,Diamante Necklace,jewelry,12.44,8.33,3.0,37.32,0.01,0.02,C,95
90057,Diamante Ring Assorted In Box.,jewelry,2.47,1.26,696.0,1719.1200000000001,0.39,0.89,C,43
23236,Doiley Biscuit Tin,toys & edibles,4.78,2.8999999999999995,120.0,573.6,0.13,0.66,C,64
23236C,Doiley Storage Tin,home accessories,4.78,2.89,1094.0,5229.320000000001,1.17,1.45,B,28
23126,Dollcraft Girl Amelie Kit,toys & edibles,7.68,4.95,66.0,506.88,0.11,0.36,C,67
23345,Dolly Girl Beaker,toys & edibles,4.17,2.45,2455.0,10237.35,2.3,1.91,A,16
23077,Doughnut Lip Gloss,toys & edibles,2.17,1.04,10415.0,22600.55,5.07,1.97,A,4
22858,Easter Tin Keepsake,home accessories,3.03,1.65,1081.0,3275.43,0.73,1.52,B,35
35810B,Enamel Blue Rim Coffee Container,home accessories,1.88,0.84,151.0,283.88,0.06,0.83,C,74
84536B,Fairy Cakes Notebook A7 Size,office & school,1.3,0.42000000000000004,2041.0,2653.3,0.59,1.44,C,38
17084N,Fairy Dreams Incense,home accessories,1.3,0.42000000000000004,1233.0,1602.9,0.36,1.42,C,44
84849B,Fairy Soap Soap Holder,home accessories,3.09,1.7,222.0,685.98,0.15,0.58,C,61
15030,Fan Black Frame,office & school,1.11,0.29000000000000004,143.0,158.73000000000002,0.04,0.73,C,80
22260,Felt Egg Cosy Blue Rabbit,toys & edibles,1.9,0.85,530.0,1007.0,0.23,1.34,C,51
90060D,Fire Polished Glass Neckl Bronze,jewelry,9.09,5.949999999999999,,,,,C,102
90036A,Flower Garland Necklace Red,jewelry,11.91,7.95,6.0,71.46000000000001,0.02,0.06,C,85
22677,French Blue Metal Door Sign 2,office & school,0.79,0.06,1003.0,792.37,0.18,1.44,C,59
23424,Gingham Recipe Book Box,home accessories,15.92,10.79,466.0,7418.72,1.66,0.94,B,21
90187B,Green Drop Earrings W Bead Cluster,jewelry,5.39,3.32,11.0,59.29,0.01,0.12,C,97
21263,Green Goose Feather Tree 60Cm,decoration,3.45,1.9600000000000002,167.0,576.15,0.13,0.55,C,65
22693,Grow A Flytrap Or Sunflower In Tin,home accessories,2.47,1.25,13651.0,33717.97,7.56,1.42,A,1
23194,Gymkhanna Treasure Book Box,toys & edibles,3.88,2.25,120.0,465.59999999999997,0.1,0.62,C,68
22633,Hand Warmer Union Jack,home accessories,3.31,1.86,3906.0,12928.86,2.9,1.27,A,12
23009,I Love London Baby Gift Set,toys & edibles,24.6,16.95,263.0,6469.8,1.45,1.07,B,24
47566B,Incorrectly Credited C550456 See 47,office & school,0.79,0.06,1300.0,1027.0,0.23,1.67,C,53
20996,Jazz Hearts Address Book,office & school,0.97,0.19,3161.0,3066.17,0.69,1.88,C,37
22231,Jigsaw Tree With Birdhouse,decoration,5.34,3.29,948.0,5062.32,1.14,1.51,B,29
22663,Jumbo Bag Dolly Girl Design,home accessories,4.17,2.47,3343.0,13940.31,3.13,1.76,A,11
90214M,"Letter ""M"" Bling Key Ring",toys & edibles,1.88,0.83,46.0,86.47999999999999,0.02,0.15,C,86
21781,Ma Campagne Cutlery Box,home accessories,21.78,14.950000000000001,152.0,3310.5600000000004,0.74,1.54,B,34
10125,Mini Tapes,office & school,1.9,0.8400000000000001,1149.0,2183.1,0.49,1.47,C,40
21331,Moroccan Beaten Metal Dish Large,decoration,18.68,12.75,9.0,168.12,0.04,0.04,C,81
37340,Multicolour Spring Flower Mug,home accessories,1.25,0.39,2535.0,3168.75,0.71,1.52,C,36
17014A,Origami Vanilla Incense Cones,home accessories,1.3,0.42000000000000004,130.0,169.0,0.04,0.62,C,82
23376,Pack Of 12 Vintage Christmas Tissue,decoration,1.25,0.39,3051.0,3813.75,0.86,1.75,B,32
22089,Paper Bunting Vintage Paisley,decoration,4.86,2.9400000000000004,1439.0,6993.540000000001,1.57,1.84,B,22
21364,Peace Small Wood Letters,decoration,10.22,6.75,22.0,224.84,0.05,0.21,C,77
22896,Peg Bag Apple Design,home accessories,3.67,2.1,100.0,367.0,0.08,0.76,C,71
22502,Picnic Basket Wicker 60 Pieces,home accessories,70.5,49.5,61.0,4300.5,0.96,0.28,B,31
22637,Piggy Bank Retrospot,decoration,4.3,2.56,2569.0,11046.699999999999,2.48,1.52,A,14
90084,Pink Crystal Guitar Phone Charm,decoration,1.9,0.86,1.0,1.9,0.0,0.03,C,99
90175B,Pink Glass Chunky Charm Bracelet,jewelry,13.87,9.34,9.0,124.83,0.03,0.03,C,84
21486,Pink Heart Dots Hot Water Bottle,decoration,6.64,4.21,,,,,C,103
82615,Pink Marshmallow Scarf Knitting Kit,home accessories,4.3,2.55,,,,,C,104
20932,Pink Pot Plant Candle,home accessories,4.86,2.95,200.0,972.0000000000001,0.22,0.68,C,55
84750A,Pink Small Glass Cake Stand,decoration,3.45,1.9500000000000002,24.0,82.80000000000001,0.02,0.17,C,91
46000R,Polyester Filler Pad 45X30Cm,office & school,2.75,1.46,97.0,266.75,0.06,1.42,C,76
46000M,Polyester Filler Pad 45X45Cm,office & school,2.89,1.55,1657.0,4788.7300000000005,1.07,1.56,B,30
16054,Popart Rect Pencil Sharpener Asst,office & school,0.87,0.12,1164.0,1012.68,0.23,1.58,C,52
17038,Porcelain Budah Incense Holder,office & school,0.8,0.07,1423.0,1138.4,0.26,1.45,C,49
84926F,Psychedelic Tile Coaster,home accessories,1.3,0.43000000000000005,406.0,527.8000000000001,0.12,1.12,C,66
90160B,Red Boudicca Large Bracelet,jewelry,10.5,6.949999999999999,28.0,294.0,0.07,0.44,C,72
85135C,Red Dragonfly Helicopter,toys & edibles,11.91,7.959999999999999,67.0,797.97,0.18,0.57,C,58
21488,Red White Scarf  Hot Water Bottle,home accessories,12.65,8.48,1.0,12.65,0.0,0.01,C,100
23175,Regency Milk Jug Pink,home accessories,5.29,3.25,3164.0,16737.56,3.75,1.87,A,9
22081,Ribbon Reel Flora + Fauna,home accessories,3.03,1.66,626.0,1896.78,0.43,1.51,C,42
21664,Ridged Glass Storage Jar Cream Lid,home accessories,5.99,3.75,40.0,239.60000000000002,0.05,0.31,C,79
21115,Rose Caravan Doorstop,office & school,10.22,6.76,549.0,5610.780000000001,1.26,1.28,B,25
21272,Salle De Bain Hook,home accessories,2.47,1.25,505.0,1247.3500000000001,0.28,0.99,C,47
21577,Save The Planet Cotton Tote Bag,home accessories,3.88,2.25,644.0,2498.72,0.56,0.91,C,39
23613,Set 10 Xmas Cards & Badges 17070,office & school,4.22,2.4899999999999998,11.0,46.419999999999995,0.01,0.06,C,98
85197,Set Of 12 Mini Bunnies In A Bucket,toys & edibles,3.67,2.11,35.0,128.45,0.03,0.16,C,83
23240,Set Of 4 Knick Knack Tins Doily,decoration,6.56,4.15,2360.0,15481.599999999999,3.47,1.82,A,10
22641,Set Of 4 Napkin Charms Instrument,decoration,4.3,2.55,102.0,438.59999999999997,0.1,0.38,C,70
22619,Set Of 6 Soldier Skittles,toys & edibles,11.22,7.46,2333.0,26176.260000000002,5.87,1.4,A,2
90018A,Silver M.O.P Orbit Drop Earrings,jewelry,6.56,4.16,43.0,282.08,0.06,0.22,C,75
21476,Steel Sweetheart Round Table Cream,decoration,21.78,14.959999999999999,41.0,892.98,0.2,0.26,C,57
21232,Strawberry Ceramic Trinket Box,decoration,2.47,1.25,8990.0,22205.300000000003,4.98,1.46,A,5
90114,Summer Daisies Bag Charm,decoration,4.17,2.46,158.0,658.86,0.15,0.43,C,62
22795,Sweetheart Recipe Book Stand,decoration,19.44,13.280000000000001,1043.0,20275.920000000002,4.55,1.49,A,6
22794,Sweetheart Wire Magazine Rack,decoration,22.97,15.79,296.0,6799.12,1.52,0.93,B,23
23242,Treasure Tin Buffalo Bill,toys & edibles,3.64,2.08,1476.0,5372.64,1.2,1.74,B,27
21628,Triangular Pouffe Vintage,decoration,21.78,14.95,61.0,1328.5800000000002,0.3,0.33,C,46
21135,Victorian  Metal Postcard Spring,office & school,3.09,1.69,2764.0,8540.76,1.91,1.74,A,18
21259,Victorian Sewing Box Small,decoration,18.64,12.72,985.0,18360.4,4.12,1.06,A,7
21672,White Spot Red Ceramic Drawer Knob,home accessories,2.47,1.2500000000000002,4672.0,11539.84,2.59,1.71,A,13
23323,White Wicker Star,decoration,3.67,2.11,1473.0,5405.91,1.21,1.74,B,26
21380,Wooden Happy Birthday Garland,decoration,4.86,2.95,2113.0,10269.18,2.3,1.61,A,15
20719,Woodland Charlotte Bag,home accessories,1.9,0.86,12639.0,24014.1,5.38,1.76,A,3
46776B,Woven Berries Cushion Cover,home accessories,6.53,4.13,152.0,992.5600000000001,0.22,0.57,C,54
85135A,Yellow Dragonfly Helicopter,toys & edibles,11.91,7.949999999999999,19.0,226.29,0.05,0.07,C,78
84086B,Yellow/Blue Retro Radio,home accessories,4.86,2.9600000000000004,16.0,77.76,0.02,0.14,C,94
